--
-- PostgreSQL database dump
--

-- Dumped from database version 17.5
-- Dumped by pg_dump version 17.5

SET statement_timeout = 0;
SET lock_timeout = 0;
SET idle_in_transaction_session_timeout = 0;
SET transaction_timeout = 0;
SET client_encoding = 'UTF8';
SET standard_conforming_strings = on;
SELECT pg_catalog.set_config('search_path', '', false);
SET check_function_bodies = false;
SET xmloption = content;
SET client_min_messages = warning;
SET row_security = off;

SET default_tablespace = '';

SET default_table_access_method = heap;

--
-- Name: category; Type: TABLE; Schema: public; Owner: postgres
--

CREATE TABLE public.category (
    id bigint NOT NULL,
    name character varying(255),
    product_id bigint NOT NULL
);


ALTER TABLE public.category OWNER TO postgres;

--
-- Name: category_id_seq; Type: SEQUENCE; Schema: public; Owner: postgres
--

ALTER TABLE public.category ALTER COLUMN id ADD GENERATED BY DEFAULT AS IDENTITY (
    SEQUENCE NAME public.category_id_seq
    START WITH 1
    INCREMENT BY 1
    NO MINVALUE
    NO MAXVALUE
    CACHE 1
);


--
-- Name: category_summary; Type: TABLE; Schema: public; Owner: postgres
--

CREATE TABLE public.category_summary (
    id bigint NOT NULL,
    generated_at timestamp(6) without time zone,
    summary_text text,
    category_id bigint NOT NULL,
    product_id bigint
);


ALTER TABLE public.category_summary OWNER TO postgres;

--
-- Name: category_summary_id_seq; Type: SEQUENCE; Schema: public; Owner: postgres
--

ALTER TABLE public.category_summary ALTER COLUMN id ADD GENERATED BY DEFAULT AS IDENTITY (
    SEQUENCE NAME public.category_summary_id_seq
    START WITH 1
    INCREMENT BY 1
    NO MINVALUE
    NO MAXVALUE
    CACHE 1
);


--
-- Name: client; Type: TABLE; Schema: public; Owner: postgres
--

CREATE TABLE public.client (
    id bigint NOT NULL,
    active boolean NOT NULL,
    api_key character varying(255) NOT NULL,
    api_key_created_at timestamp(6) without time zone,
    client_id character varying(255) NOT NULL,
    created_at timestamp(6) without time zone,
    email character varying(255) NOT NULL,
    hashed_api_key character varying(255),
    name character varying(255),
    password character varying(255) DEFAULT ''::character varying NOT NULL,
    account_non_expired boolean DEFAULT true,
    account_non_locked boolean DEFAULT true,
    credentials_non_expired boolean DEFAULT true,
    enabled boolean DEFAULT true
);


ALTER TABLE public.client OWNER TO postgres;

--
-- Name: client_id_seq; Type: SEQUENCE; Schema: public; Owner: postgres
--

ALTER TABLE public.client ALTER COLUMN id ADD GENERATED BY DEFAULT AS IDENTITY (
    SEQUENCE NAME public.client_id_seq
    START WITH 1
    INCREMENT BY 1
    NO MINVALUE
    NO MAXVALUE
    CACHE 1
);


--
-- Name: feedback; Type: TABLE; Schema: public; Owner: postgres
--

CREATE TABLE public.feedback (
    id bigint NOT NULL,
    message character varying(255),
    sentiment character varying(255),
    submitted_at timestamp(6) without time zone,
    submitted_by character varying(255),
    type character varying(255),
    product_id bigint NOT NULL,
    category_id bigint
);


ALTER TABLE public.feedback OWNER TO postgres;

--
-- Name: feedback_id_seq; Type: SEQUENCE; Schema: public; Owner: postgres
--

ALTER TABLE public.feedback ALTER COLUMN id ADD GENERATED BY DEFAULT AS IDENTITY (
    SEQUENCE NAME public.feedback_id_seq
    START WITH 1
    INCREMENT BY 1
    NO MINVALUE
    NO MAXVALUE
    CACHE 1
);


--
-- Name: product; Type: TABLE; Schema: public; Owner: postgres
--

CREATE TABLE public.product (
    id bigint NOT NULL,
    description character varying(255),
    name character varying(255),
    client_id bigint
);


ALTER TABLE public.product OWNER TO postgres;

--
-- Name: product_id_seq; Type: SEQUENCE; Schema: public; Owner: postgres
--

ALTER TABLE public.product ALTER COLUMN id ADD GENERATED BY DEFAULT AS IDENTITY (
    SEQUENCE NAME public.product_id_seq
    START WITH 1
    INCREMENT BY 1
    NO MINVALUE
    NO MAXVALUE
    CACHE 1
);


--
-- Name: user_session_event; Type: TABLE; Schema: public; Owner: postgres
--

CREATE TABLE public.user_session_event (
    id bigint NOT NULL,
    details character varying(255),
    event_time timestamp(6) without time zone,
    event_type character varying(255),
    session_id character varying(255)
);


ALTER TABLE public.user_session_event OWNER TO postgres;

--
-- Name: user_session_event_id_seq; Type: SEQUENCE; Schema: public; Owner: postgres
--

ALTER TABLE public.user_session_event ALTER COLUMN id ADD GENERATED BY DEFAULT AS IDENTITY (
    SEQUENCE NAME public.user_session_event_id_seq
    START WITH 1
    INCREMENT BY 1
    NO MINVALUE
    NO MAXVALUE
    CACHE 1
);


--
-- Data for Name: category; Type: TABLE DATA; Schema: public; Owner: postgres
--

COPY public.category (id, name, product_id) FROM stdin;
59	User Interface & Usability	2
60	Feature Set & Templates	2
61	Team Collaboration & Management	2
62	Offline Functionality	2
63	Mobile App Experience	2
64	Search & Data Retrieval	2
65	Learning & Support	2
\.


--
-- Data for Name: category_summary; Type: TABLE DATA; Schema: public; Owner: postgres
--

COPY public.category_summary (id, generated_at, summary_text, category_id, product_id) FROM stdin;
64	2025-08-17 17:54:18.562485	The search function remains unreliable, often failing to locate older, existing notes users confirm are present. This issue is now compounded by app slowness when loading large databases, emphasizing the need to improve indexing, retrieval, and overall performance for historical and extensive data.	64	2
65	2025-08-17 17:54:20.858536	Notion's guides and documentation continue to be highly praised for their exceptional quality and helpfulness, sustaining a very positive sentiment towards their support resources.	65	2
59	2025-08-17 17:54:06.097782	The interface can sometimes be overwhelming and unintuitive for new users, despite its valued customizability and many features. Implementing a simpler mode could significantly improve initial usability.	59	2
60	2025-08-17 17:54:10.177848	Templates are consistently praised for quick and easy project setup. The extensive and flexible block-based editor, allowing for complex documents with rich formatting, contributes to a valued customizability, though its breadth can sometimes feel overwhelming.	60	2
61	2025-08-17 17:54:12.034579	Users highly praise Notion for significantly improving project management organization, especially for remote teams. Its fantastic collaborative features, like real-time editing and comments, streamline workflows and transform process documentation, greatly enhancing team clarity.	61	2
62	2025-08-17 17:54:14.026861	Users consistently emphasize the need for robust offline functionality, especially for app usage during flights or when needing to reference information without internet. This reinforces the identified deficiency in current offline support and the priority to enhance such features.	62	2
63	2025-08-17 17:54:16.142461	The mobile app offers a convenient experience, but users express mixed sentiment due to the absence of advanced features exclusive to desktop and unreliable cross-device synchronization. Enhancing feature parity and improving sync reliability are key actionable insights.	63	2
\.


--
-- Data for Name: client; Type: TABLE DATA; Schema: public; Owner: postgres
--

COPY public.client (id, active, api_key, api_key_created_at, client_id, created_at, email, hashed_api_key, name, password, account_non_expired, account_non_locked, credentials_non_expired, enabled) FROM stdin;
1	t	QpMFH2d2TjRmFMOcElXBtb6BVg7wJHpYfxjZajI17oU	2025-07-27 14:42:47.80637	98ab93cf-57fe-41c1-b067-be769c2314bd	2025-07-27 14:42:47.903891	jayant@example.com	ec+7mhUdXiIzaunYJ3NksfM0nJopoBP/KEuDHMkdfK4=	Jayant's Demo Client		t	t	t	t
2	t	Ma_-WipqtR6g29THBZ0zQ-IrNgNIfKhOfybWcwPZ0gU	2025-07-31 22:36:48.215636	36ee233f-5915-44b1-b0ec-1af659e085e6	2025-07-31 22:36:48.286178	testuser123@example.com	D73DUSAiwc49AViaEJ1KS9dL8jZAeRiboIWzd9/aZns=	Test User	$2a$10$oa8gqYqiPNDg3.0zcd7Fi.tasGAU8pA74By5Jwy3N0uMzwklV6cCm	t	t	t	t
4	t	5T3B2lqEL3SEoBFrPTTf78KDP58XoyCq84smpEnxh8w	2025-08-09 02:04:00.765733	8c05a6c5-2f1c-4d36-9eec-46f800d60e3a	2025-08-09 02:04:00.833269	test@example.com	5zDn+Ldc2LTfC81cuYtKAyOualeWdU6g46vV9Dj9xSo=	Feedback Analysis Service	$2a$10$oAytwGv9U3GZavCgd1QP0OH6IDtr3puv57CxaWfh0jGAE3jLQ0Vni	t	t	t	t
5	t	34rwog9XixWa0sw-BB2G7Efibino8ou1AoaPMHqv7_E	2025-08-15 16:51:49.240147	b2034271-7370-43ab-bb49-ca391be5b3b5	2025-08-15 16:51:49.669217	jojo@gmail.com	Lp4sj+ssUwGsprjRTxpF1RfMRYsVdgiQ2Y61egtK4SY=	Jojo	$2a$10$bMsImjama4jwCfxb82nieO8txBj2JDuTf1VVC4F26Bgsf9yGlJ02W	t	t	t	t
6	t	iXt9Jz4SsT7KDe7EeoFDSCER39kaDKal-2tZtG7S8XQ	2025-08-24 02:47:07.806868	93eca3cc-87d1-44d6-b6b2-dda3f4fdfce7	2025-08-24 02:47:08.157934	panwar@gmail.com	gFJBPCxsZ10FnWu0q7bZPOwEEQrgGGr/58mXdezaJ9c=	aditya	$2a$10$yal5mo4Rf/Xm3SkWAOapTeS0wCZ8tZbzcTg51Ed2vQRx/bn3QvLzG	t	t	t	t
\.


--
-- Data for Name: feedback; Type: TABLE DATA; Schema: public; Owner: postgres
--

COPY public.feedback (id, message, sentiment, submitted_at, submitted_by, type, product_id, category_id) FROM stdin;
18	Templates are amazing and make setting up new projects a breeze!	Positive	2025-08-17 12:38:26.068446	sarah.marketing@enterprise.net	Praise	2	60
19	The interface is sometimes unintuitive for new users. A simpler mode could be helpful.	Negative	2025-08-17 12:39:56.77823	alex.product@business.org	Complaint	2	59
20	Would love better offline support, so I can use it during flights or in places without internet.	Negative	2025-08-17 12:40:06.090157	jessica.hr@company.com	Suggestion	2	62
22	Notion has made project management much more organized for my remote team.	Positive	2025-08-17 13:26:17.693094	emma.remote@startup.com	Review	2	61
23	The mobile app experience is convenient, but some advanced features are only available on desktop.	Positive	2025-08-17 13:26:43.741106	karen.mobile@productivity.io	Review	2	63
24	Notion’s guides and documentation are really well written and helpful.	Positive	2025-08-17 13:26:56.235039	rahul.training@enterprisedev.net	Praise	2	65
25	Sometimes search doesn’t find older notes even though I know they’re there.	Negative	2025-08-17 13:27:16.56728	brian.notes@workplace.org	Complaint	2	64
26	The block-based editor is incredibly flexible. I can create complex documents with databases, embeds, and rich formatting all in one place.	Positive	2025-08-23 14:48:18.788994	sarah.productivity@gmail.com	Review	2	60
27	Sometimes search doesn't find older notes even though I know they're there. Also the app can be quite slow when loading large databases.	Negative	2025-08-23 14:48:42.199267	brian.notes@workplace.org	Complaint	2	64
28	Would love to see better offline access. Sometimes I need to reference my notes without internet connection.	Negative	2025-08-23 14:48:54.804288	mobile.worker@company.com	Suggestion	2	62
29	Sync between desktop and mobile is unreliable. Changes I make on my phone don't always appear on my laptop immediately.	Negative	2025-08-23 14:49:03.388841	sync.issues@email.com	Bug	2	63
30	The collaborative features are fantastic! Real-time editing and comments have transformed how our team documents processes.	Positive	2025-08-23 14:49:12.763167	team.lead@startup.co	Review	2	61
21	Overall excellent workspace app for team collaboration and note-taking. Only complaint is that it can sometimes feel a bit overwhelming with many features, but the customizability is worth it.	Positive	2025-08-17 12:40:18.727839	tom.manager@startup.co	Review	2	59
\.


--
-- Data for Name: product; Type: TABLE DATA; Schema: public; Owner: postgres
--

COPY public.product (id, description, name, client_id) FROM stdin;
1	Ergonomic wireless mouse for productivity.	Logitech MX Master 3	1
2	All-in-one workspace app for notes, docs, databases, and team collaboration.	Notion	5
\.


--
-- Data for Name: user_session_event; Type: TABLE DATA; Schema: public; Owner: postgres
--

COPY public.user_session_event (id, details, event_time, event_type, session_id) FROM stdin;
\.


--
-- Name: category_id_seq; Type: SEQUENCE SET; Schema: public; Owner: postgres
--

SELECT pg_catalog.setval('public.category_id_seq', 65, true);


--
-- Name: category_summary_id_seq; Type: SEQUENCE SET; Schema: public; Owner: postgres
--

SELECT pg_catalog.setval('public.category_summary_id_seq', 65, true);


--
-- Name: client_id_seq; Type: SEQUENCE SET; Schema: public; Owner: postgres
--

SELECT pg_catalog.setval('public.client_id_seq', 6, true);


--
-- Name: feedback_id_seq; Type: SEQUENCE SET; Schema: public; Owner: postgres
--

SELECT pg_catalog.setval('public.feedback_id_seq', 30, true);


--
-- Name: product_id_seq; Type: SEQUENCE SET; Schema: public; Owner: postgres
--

SELECT pg_catalog.setval('public.product_id_seq', 2, true);


--
-- Name: user_session_event_id_seq; Type: SEQUENCE SET; Schema: public; Owner: postgres
--

SELECT pg_catalog.setval('public.user_session_event_id_seq', 1, false);


--
-- Name: category category_pkey; Type: CONSTRAINT; Schema: public; Owner: postgres
--

ALTER TABLE ONLY public.category
    ADD CONSTRAINT category_pkey PRIMARY KEY (id);


--
-- Name: category_summary category_summary_pkey; Type: CONSTRAINT; Schema: public; Owner: postgres
--

ALTER TABLE ONLY public.category_summary
    ADD CONSTRAINT category_summary_pkey PRIMARY KEY (id);


--
-- Name: client client_pkey; Type: CONSTRAINT; Schema: public; Owner: postgres
--

ALTER TABLE ONLY public.client
    ADD CONSTRAINT client_pkey PRIMARY KEY (id);


--
-- Name: feedback feedback_pkey; Type: CONSTRAINT; Schema: public; Owner: postgres
--

ALTER TABLE ONLY public.feedback
    ADD CONSTRAINT feedback_pkey PRIMARY KEY (id);


--
-- Name: product product_pkey; Type: CONSTRAINT; Schema: public; Owner: postgres
--

ALTER TABLE ONLY public.product
    ADD CONSTRAINT product_pkey PRIMARY KEY (id);


--
-- Name: client uk46w6cesebvngbpck2k1fgipqg; Type: CONSTRAINT; Schema: public; Owner: postgres
--

ALTER TABLE ONLY public.client
    ADD CONSTRAINT uk46w6cesebvngbpck2k1fgipqg UNIQUE (api_key);


--
-- Name: client ukbfgjs3fem0hmjhvih80158x29; Type: CONSTRAINT; Schema: public; Owner: postgres
--

ALTER TABLE ONLY public.client
    ADD CONSTRAINT ukbfgjs3fem0hmjhvih80158x29 UNIQUE (email);


--
-- Name: client ukbfjdoy2dpussylq7g1s3s1tn8; Type: CONSTRAINT; Schema: public; Owner: postgres
--

ALTER TABLE ONLY public.client
    ADD CONSTRAINT ukbfjdoy2dpussylq7g1s3s1tn8 UNIQUE (client_id);


--
-- Name: category_summary uklpyrw52arr2ee2rtmjohipc2i; Type: CONSTRAINT; Schema: public; Owner: postgres
--

ALTER TABLE ONLY public.category_summary
    ADD CONSTRAINT uklpyrw52arr2ee2rtmjohipc2i UNIQUE (category_id);


--
-- Name: product ukskrxuy1wu09k1xno3h9lpqxoc; Type: CONSTRAINT; Schema: public; Owner: postgres
--

ALTER TABLE ONLY public.product
    ADD CONSTRAINT ukskrxuy1wu09k1xno3h9lpqxoc UNIQUE (name, client_id);


--
-- Name: user_session_event user_session_event_pkey; Type: CONSTRAINT; Schema: public; Owner: postgres
--

ALTER TABLE ONLY public.user_session_event
    ADD CONSTRAINT user_session_event_pkey PRIMARY KEY (id);


--
-- Name: product fk3g8nmhhbt7mwbf9r0g5qon8m0; Type: FK CONSTRAINT; Schema: public; Owner: postgres
--

ALTER TABLE ONLY public.product
    ADD CONSTRAINT fk3g8nmhhbt7mwbf9r0g5qon8m0 FOREIGN KEY (client_id) REFERENCES public.client(id);


--
-- Name: category_summary fk9ceglob9328en52pvkyxgqsn3; Type: FK CONSTRAINT; Schema: public; Owner: postgres
--

ALTER TABLE ONLY public.category_summary
    ADD CONSTRAINT fk9ceglob9328en52pvkyxgqsn3 FOREIGN KEY (category_id) REFERENCES public.category(id);


--
-- Name: category_summary fkhpl9755puqlsm39bg07lak5h5; Type: FK CONSTRAINT; Schema: public; Owner: postgres
--

ALTER TABLE ONLY public.category_summary
    ADD CONSTRAINT fkhpl9755puqlsm39bg07lak5h5 FOREIGN KEY (product_id) REFERENCES public.product(id);


--
-- Name: feedback fklsfunb44jdljfmbx4un8s4waa; Type: FK CONSTRAINT; Schema: public; Owner: postgres
--

ALTER TABLE ONLY public.feedback
    ADD CONSTRAINT fklsfunb44jdljfmbx4un8s4waa FOREIGN KEY (product_id) REFERENCES public.product(id);


--
-- Name: feedback fkq4le16t4pd2di7y82ia89lrjj; Type: FK CONSTRAINT; Schema: public; Owner: postgres
--

ALTER TABLE ONLY public.feedback
    ADD CONSTRAINT fkq4le16t4pd2di7y82ia89lrjj FOREIGN KEY (category_id) REFERENCES public.category(id);


--
-- Name: category fkqqm689b1x9dotoq6okskaxnx4; Type: FK CONSTRAINT; Schema: public; Owner: postgres
--

ALTER TABLE ONLY public.category
    ADD CONSTRAINT fkqqm689b1x9dotoq6okskaxnx4 FOREIGN KEY (product_id) REFERENCES public.product(id);


--
-- PostgreSQL database dump complete
--

